Entry ID,Contest Name,Contest ID,Entry Fee,PG,SG,SF,PF,C,G,F,UTIL,,Instructions
4591604056,NBA $6K Sharpshooter [20 Entry Max],172508774,$3,Jalen Brunson (37195333),D'Angelo Russell (37195522),Josh Hart (37195385),Alexandre Sarr (37195486) (LOCKED),Jalen Smith (37195672) (LOCKED),Jalen Green (37195435),Tristan da Silva (37195555) (LOCKED),CJ McCollum (37195376),,1. Column A lists all of your contest entries for this draftgroup
4591604057,NBA $6K Sharpshooter [20 Entry Max],172508774,$3,Jalen Brunson (37195333),D'Angelo Russell (37195522),Tristan da Silva (37195555) (LOCKED),Patrick Williams (37195580) (LOCKED),Yves Missi (37195457),Keyonte George (37195493),Alexandre Sarr (37195486) (LOCKED),Nikola Vucevic (37195331) (LOCKED),,2. Your current lineup is listed next to each entry (blank for reservations)
4591604058,NBA $6K Sharpshooter [20 Entry Max],172508774,$3,D'Angelo Russell (37195522),Jalen Green (37195435),Tristan da Silva (37195555) (LOCKED),Noah Clowney (37195559),Alperen Sengun (37195317),Zach LaVine (37195360) (LOCKED),Wendell Carter Jr. (37195514) (LOCKED),Alexandre Sarr (37195486) (LOCKED),,3. You can change the lineup for an entry by entering the IDs of the players in the row next to that entry
4591604059,NBA $6K Sharpshooter [20 Entry Max],172508774,$3,Jalen Brunson (37195333),Jalen Green (37195435),Josh Hart (37195385),Wendell Carter Jr. (37195514) (LOCKED),Goga Bitadze (37195413) (LOCKED),D'Angelo Russell (37195522),Jonathan Isaac (37195695) (LOCKED),Nic Claxton (37195462),,4. Use data from the Name+ID column or the ID column; you cannot use just the player's name
4591604060,NBA $6K Sharpshooter [20 Entry Max],172508774,$3,Jalen Brunson (37195333),D'Angelo Russell (37195522),Mikal Bridges (37195428),Noah Clowney (37195559),Dereck Lively II (37195496),Jalen Green (37195435),Alexandre Sarr (37195486) (LOCKED),Walker Kessler (37195433),,5. For faster processing only include entries you are changing in the file you upload
4591604061,NBA $6K Sharpshooter [20 Entry Max],172508774,$3,D'Angelo Russell (37195522),Jalen Green (37195435),Cameron Johnson (37195372),Ausar Thompson (37195668) (LOCKED),Goga Bitadze (37195413) (LOCKED),Keyonte George (37195493),Tristan da Silva (37195555) (LOCKED),Alperen Sengun (37195317),,
4591604062,NBA $6K Sharpshooter [20 Entry Max],172508774,$3,Tyler Herro (37195348),D'Angelo Russell (37195522),Tristan da Silva (37195555) (LOCKED),Patrick Williams (37195580) (LOCKED),Daniel Gafford (37195502),Kyrie Irving (37195319),Alexandre Sarr (37195486) (LOCKED),Nic Claxton (37195462),,Position,Name + ID,Name,ID,Roster Position,Salary,Game Info,TeamAbbrev,AvgPointsPerGame
4591604063,NBA $6K Sharpshooter [20 Entry Max],172508774,$3,Keyonte George (37195493),D'Angelo Russell (37195522),Tristan da Silva (37195555) (LOCKED),Wendell Carter Jr. (37195514) (LOCKED),Goga Bitadze (37195413) (LOCKED),Jalen Brunson (37195333),Alexandre Sarr (37195486) (LOCKED),Cameron Johnson (37195372),,PG,Luka Doncic (37195298),Luka Doncic,37195298,PG/G/UTIL,11500,DAL@HOU 01/01/2025 08:00PM ET,DAL,56.17
4591604064,NBA $6K Sharpshooter [20 Entry Max],172508774,$3,Fred VanVleet (37195380),D'Angelo Russell (37195522),Tristan da Silva (37195555) (LOCKED),Wendell Carter Jr. (37195514) (LOCKED),Daniel Gafford (37195502),Jalen Brunson (37195333),Jonathan Isaac (37195695) (LOCKED),Kyrie Irving (37195319),,PG,Cade Cunningham (37195301) (LOCKED),Cade Cunningham,37195301,PG/G/UTIL,10600,ORL@DET 01/01/2025 07:00PM ET,DET,50.71
4591604065,NBA $6K Sharpshooter [20 Entry Max],172508774,$3,CJ McCollum (37195376),D'Angelo Russell (37195522),Mikal Bridges (37195428),Patrick Williams (37195580) (LOCKED),Goga Bitadze (37195413) (LOCKED),Jalen Brunson (37195333),Noah Clowney (37195559),Daniel Gafford (37195502),,C,Karl-Anthony Towns (37195304),Karl-Anthony Towns,37195304,C/UTIL,10400,UTA@NYK 01/01/2025 07:30PM ET,NYK,51.11
4591604066,NBA $6K Sharpshooter [20 Entry Max],172508774,$3,Fred VanVleet (37195380),D'Angelo Russell (37195522),Tristan da Silva (37195555) (LOCKED),Alexandre Sarr (37195486) (LOCKED),Yves Missi (37195457),Jalen Brunson (37195333),Noah Clowney (37195559),Coby White (37195406) (LOCKED),,PF,Paolo Banchero (37195306) (LOCKED),Paolo Banchero,37195306,PF/F/UTIL,10200,ORL@DET 01/01/2025 07:00PM ET,ORL,51.8
4591604067,NBA $6K Sharpshooter [20 Entry Max],172508774,$3,D'Angelo Russell (37195522),Jalen Green (37195435),OG Anunoby (37195449),Noah Clowney (37195559),Goga Bitadze (37195413) (LOCKED),Jalen Brunson (37195333),Patrick Williams (37195580) (LOCKED),Walker Kessler (37195433),,PG/SF,Scottie Barnes (37195309),Scottie Barnes,37195309,PG/SF/F/G/UTIL,10100,BKN@TOR 01/01/2025 07:30PM ET,TOR,43.79
4591604068,NBA $6K Sharpshooter [20 Entry Max],172508774,$3,Lonzo Ball (37195661) (LOCKED),Kyrie Irving (37195319),Mikal Bridges (37195428),Tristan da Silva (37195555) (LOCKED),Bam Adebayo (37195339),D'Angelo Russell (37195522),Patrick Williams (37195580) (LOCKED),Goga Bitadze (37195413) (LOCKED),,PF,Franz Wagner (37195314) (LOCKED),Franz Wagner,37195314,PF/F/UTIL,9900,ORL@DET 01/01/2025 07:00PM ET,ORL,44.24
4591604069,NBA $6K Sharpshooter [20 Entry Max],172508774,$3,D'Angelo Russell (37195522),Jalen Green (37195435),OG Anunoby (37195449),Jonathan Isaac (37195695) (LOCKED),Daniel Gafford (37195502),Jalen Brunson (37195333),Patrick Williams (37195580) (LOCKED),Alperen Sengun (37195317),,C,Alperen Sengun (37195317),Alperen Sengun,37195317,C/UTIL,9500,DAL@HOU 01/01/2025 08:00PM ET,HOU,44.69
4591604070,NBA $6K Sharpshooter [20 Entry Max],172508774,$3,Kyrie Irving (37195319),D'Angelo Russell (37195522),Josh Hart (37195385),Tristan da Silva (37195555) (LOCKED),Goga Bitadze (37195413) (LOCKED),Kentavious Caldwell-Pope (37195585) (LOCKED),Alexandre Sarr (37195486) (LOCKED),Yves Missi (37195457),,PG/SG,Kyrie Irving (37195319),Kyrie Irving,37195319,PG/SG/G/UTIL,9400,DAL@HOU 01/01/2025 08:00PM ET,DAL,41.09
4591604071,NBA $6K Sharpshooter [20 Entry Max],172508774,$3,Scottie Barnes (37195309),D'Angelo Russell (37195522),Tristan da Silva (37195555) (LOCKED),Jonathan Isaac (37195695) (LOCKED),Nic Claxton (37195462),Jalen Brunson (37195333),Patrick Williams (37195580) (LOCKED),Walker Kessler (37195433),,PG/SF,RJ Barrett (37195323),RJ Barrett,37195323,PG/SF/F/G/UTIL,9300,BKN@TOR 01/01/2025 07:30PM ET,TOR,43.19
4591604072,NBA $6K Sharpshooter [20 Entry Max],172508774,$3,Jalen Brunson (37195333),D'Angelo Russell (37195522),Malik Beasley (37195504) (LOCKED),Patrick Williams (37195580) (LOCKED),Alperen Sengun (37195317),Lonzo Ball (37195661) (LOCKED),Alexandre Sarr (37195486) (LOCKED),Goga Bitadze (37195413) (LOCKED),,PF,Zion Williamson (37195328),Zion Williamson,37195328,PF/F/UTIL,9200,NOP@MIA 01/01/2025 07:30PM ET,NOP,43.42
4591604073,NBA $6K Sharpshooter [20 Entry Max],172508774,$3,Fred VanVleet (37195380),D'Angelo Russell (37195522),Tristan da Silva (37195555) (LOCKED),Noah Clowney (37195559),Goga Bitadze (37195413) (LOCKED),Kyrie Irving (37195319),Kentavious Caldwell-Pope (37195585) (LOCKED),Jalen Green (37195435),,C,Nikola Vucevic (37195331) (LOCKED),Nikola Vucevic,37195331,C/UTIL,9100,In Progress,CHI,42.10
4591604074,NBA $6K Sharpshooter [20 Entry Max],172508774,$3,D'Angelo Russell (37195522),Mikal Bridges (37195428),Ausar Thompson (37195668) (LOCKED),Noah Clowney (37195559),Karl-Anthony Towns (37195304),Jalen Green (37195435),Alexandre Sarr (37195486) (LOCKED),Goga Bitadze (37195413) (LOCKED),,PG,Jalen Brunson (37195333),Jalen Brunson,37195333,PG/G/UTIL,8900,UTA@NYK 01/01/2025 07:30PM ET,NYK,42.53
4591604075,NBA $6K Sharpshooter [20 Entry Max],172508774,$3,Jalen Brunson (37195333),D'Angelo Russell (37195522),Tristan da Silva (37195555) (LOCKED),OG Anunoby (37195449),Yves Missi (37195457),Coby White (37195406) (LOCKED),Alexandre Sarr (37195486) (LOCKED),Nic Claxton (37195462),,PG,Dejounte Murray (37195336),Dejounte Murray,37195336,PG/G/UTIL,8800,NOP@MIA 01/01/2025 07:30PM ET,NOP,40.88
4591575446,NBA $5K Quarter Jukebox [Just $0.25!],172508776,$0.25,Ben Simmons (37195475),Jalen Green (37195435),Josh Hart (37195385),Alexandre Sarr (37195486) (LOCKED),Karl-Anthony Towns (37195304),D'Angelo Russell (37195522),Tristan da Silva (37195555) (LOCKED),Lonzo Ball (37195661) (LOCKED),,C,Bam Adebayo (37195339),Bam Adebayo,37195339,C/UTIL,8700,NOP@MIA 01/01/2025 07:30PM ET,MIA,40.42
4591575447,NBA $5K Quarter Jukebox [Just $0.25!],172508776,$0.25,Fred VanVleet (37195380),D'Angelo Russell (37195522),Zach LaVine (37195360) (LOCKED),Noah Clowney (37195559),Dereck Lively II (37195496),Jalen Green (37195435),Alexandre Sarr (37195486) (LOCKED),Walker Kessler (37195433),,SF/PF,Jimmy Butler (37195341),Jimmy Butler,37195341,SF/PF/F/UTIL,8600,NOP@MIA 01/01/2025 07:30PM ET,MIA,36.11
4591575448,NBA $5K Quarter Jukebox [Just $0.25!],172508776,$0.25,Tyler Herro (37195348),D'Angelo Russell (37195522),Kentavious Caldwell-Pope (37195585) (LOCKED),Alexandre Sarr (37195486) (LOCKED),Bam Adebayo (37195339),Fred VanVleet (37195380),Jonathan Isaac (37195695) (LOCKED),Nic Claxton (37195462),,PG,Brandon Ingram (37195345),Brandon Ingram,37195345,PG/G/UTIL,8600,NOP@MIA 01/01/2025 07:30PM ET,NOP,39.19
4591575449,NBA $5K Quarter Jukebox [Just $0.25!],172508776,$0.25,Kyrie Irving (37195319),D'Angelo Russell (37195522),Ausar Thompson (37195668) (LOCKED),Jonathan Isaac (37195695) (LOCKED),Bam Adebayo (37195339),Fred VanVleet (37195380),Alexandre Sarr (37195486) (LOCKED),Nic Claxton (37195462),,PG/SG,Tyler Herro (37195348),Tyler Herro,37195348,PG/SG/G/UTIL,8500,NOP@MIA 01/01/2025 07:30PM ET,MIA,41.62
4591575450,NBA $5K Quarter Jukebox [Just $0.25!],172508776,$0.25,Tyler Herro (37195348),D'Angelo Russell (37195522),Zach LaVine (37195360) (LOCKED),Patrick Williams (37195580) (LOCKED),Walker Kessler (37195433),Ben Simmons (37195475),Alexandre Sarr (37195486) (LOCKED),Daniel Gafford (37195502),,PG/SG,Jordan Poole (37195352) (LOCKED),Jordan Poole,37195352,PG/SG/G/UTIL,8400,In Progress,WAS,36.47
4591575451,NBA $5K Quarter Jukebox [Just $0.25!],172508776,$0.25,Jalen Brunson (37195333),D'Angelo Russell (37195522),Justin Champagnie (37195518) (LOCKED),Patrick Williams (37195580) (LOCKED),Jonas Valanciunas (37195542) (LOCKED),Tyler Herro (37195348),Alexandre Sarr (37195486) (LOCKED),Goga Bitadze (37195413) (LOCKED),,PG/SG,Jalen Suggs (37195356) (LOCKED),Jalen Suggs,37195356,PG/SG/G/UTIL,8300,ORL@DET 01/01/2025 07:00PM ET,ORL,31.84
4591575452,NBA $5K Quarter Jukebox [Just $0.25!],172508776,$0.25,Kyrie Irving (37195319),D'Angelo Russell (37195522),Tristan da Silva (37195555) (LOCKED),Noah Clowney (37195559),Goga Bitadze (37195413) (LOCKED),Fred VanVleet (37195380),Alexandre Sarr (37195486) (LOCKED),Dereck Lively II (37195496),,SG/SF,Zach LaVine (37195360) (LOCKED),Zach LaVine,37195360,SG/SF/F/G/UTIL,8000,In Progress,CHI,36.57
4591575453,NBA $5K Quarter Jukebox [Just $0.25!],172508776,$0.25,D'Angelo Russell (37195522),Coby White (37195406) (LOCKED),Tristan da Silva (37195555) (LOCKED),Alexandre Sarr (37195486) (LOCKED),Yves Missi (37195457),Zach LaVine (37195360) (LOCKED),Jonathan Isaac (37195695) (LOCKED),Alperen Sengun (37195317),,SF/PF,Lauri Markkanen (37195365),Lauri Markkanen,37195365,SF/PF/F/UTIL,7900,UTA@NYK 01/01/2025 07:30PM ET,UTA,32.99
4591575454,NBA $5K Quarter Jukebox [Just $0.25!],172508776,$0.25,Tyler Herro (37195348),D'Angelo Russell (37195522),Ausar Thompson (37195668) (LOCKED),Precious Achiuwa (37195674),Nic Claxton (37195462),Scottie Barnes (37195309),Alexandre Sarr (37195486) (LOCKED),Goga Bitadze (37195413) (LOCKED),,PG,Josh Giddey (37195369) (LOCKED),Josh Giddey,37195369,PG/G/UTIL,7700,In Progress,CHI,34.07
4591575455,NBA $5K Quarter Jukebox [Just $0.25!],172508776,$0.25,Jalen Suggs (37195356) (LOCKED),D'Angelo Russell (37195522),Ausar Thompson (37195668) (LOCKED),Alexandre Sarr (37195486) (LOCKED),Walker Kessler (37195433),Jalen Brunson (37195333),Patrick Williams (37195580) (LOCKED),Goga Bitadze (37195413) (LOCKED),,SF/PF,Cameron Johnson (37195372),Cameron Johnson,37195372,SF/PF/F/UTIL,7600,BKN@TOR 01/01/2025 07:30PM ET,BKN,32.88
4591575456,NBA $5K Quarter Jukebox [Just $0.25!],172508776,$0.25,Tyler Herro (37195348),Duncan Robinson (37195590),Zach LaVine (37195360) (LOCKED),Jonathan Isaac (37195695) (LOCKED),Alperen Sengun (37195317),D'Angelo Russell (37195522),Patrick Williams (37195580) (LOCKED),Nic Claxton (37195462),,PG/SG,CJ McCollum (37195376),CJ McCollum,37195376,PG/SG/G/UTIL,7600,NOP@MIA 01/01/2025 07:30PM ET,NOP,35.99
4591575457,NBA $5K Quarter Jukebox [Just $0.25!],172508776,$0.25,Fred VanVleet (37195380),D'Angelo Russell (37195522),Tristan da Silva (37195555) (LOCKED),Alexandre Sarr (37195486) (LOCKED),Walker Kessler (37195433),Jalen Green (37195435),Kentavious Caldwell-Pope (37195585) (LOCKED),Dejounte Murray (37195336),,PG,Fred VanVleet (37195380),Fred VanVleet,37195380,PG/G/UTIL,7500,DAL@HOU 01/01/2025 08:00PM ET,HOU,34.71
4591575458,NBA $5K Quarter Jukebox [Just $0.25!],172508776,$0.25,Scottie Barnes (37195309),D'Angelo Russell (37195522),Tristan da Silva (37195555) (LOCKED),Wendell Carter Jr. (37195514) (LOCKED),Goga Bitadze (37195413) (LOCKED),Fred VanVleet (37195380),Ausar Thompson (37195668) (LOCKED),Walker Kessler (37195433),,C,Jakob Poeltl (37195383),Jakob Poeltl,37195383,C/UTIL,7400,BKN@TOR 01/01/2025 07:30PM ET,TOR,37.41
4591575459,NBA $5K Quarter Jukebox [Just $0.25!],172508776,$0.25,Ben Simmons (37195475),Jalen Green (37195435),Tristan da Silva (37195555) (LOCKED),Patrick Williams (37195580) (LOCKED),Walker Kessler (37195433),D'Angelo Russell (37195522),Bilal Coulibaly (37195421) (LOCKED),Alperen Sengun (37195317),,SF/PF,Josh Hart (37195385),Josh Hart,37195385,SF/PF/F/UTIL,7300,UTA@NYK 01/01/2025 07:30PM ET,NYK,37.79
4591575460,NBA $5K Quarter Jukebox [Just $0.25!],172508776,$0.25,Dejounte Murray (37195336),D'Angelo Russell (37195522),Cameron Johnson (37195372),Patrick Williams (37195580) (LOCKED),Daniel Gafford (37195502),Jalen Brunson (37195333),Alexandre Sarr (37195486) (LOCKED),Lonzo Ball (37195661) (LOCKED),,SG/SF,Trey Murphy III (37195393),Trey Murphy III,37195393,SG/SF/F/G/UTIL,7200,NOP@MIA 01/01/2025 07:30PM ET,NOP,33.88
4591575461,NBA $5K Quarter Jukebox [Just $0.25!],172508776,$0.25,Josh Giddey (37195369) (LOCKED),Dillon Brooks (37195509),Tristan da Silva (37195555) (LOCKED),Patrick Williams (37195580) (LOCKED),Goga Bitadze (37195413) (LOCKED),D'Angelo Russell (37195522),Scottie Barnes (37195309),Daniel Gafford (37195502),,PF/C,John Collins (37195389),John Collins,37195389,PF/C/F/UTIL,7200,UTA@NYK 01/01/2025 07:30PM ET,UTA,35.52
4591575462,NBA $5K Quarter Jukebox [Just $0.25!],172508776,$0.25,Coby White (37195406) (LOCKED),Kentavious Caldwell-Pope (37195585) (LOCKED),Cameron Johnson (37195372),Noah Clowney (37195559),Alperen Sengun (37195317),D'Angelo Russell (37195522),Patrick Williams (37195580) (LOCKED),Goga Bitadze (37195413) (LOCKED),,PF,PJ Washington (37195398),PJ Washington,37195398,PF/F/UTIL,7100,DAL@HOU 01/01/2025 08:00PM ET,DAL,30.46
4591575463,NBA $5K Quarter Jukebox [Just $0.25!],172508776,$0.25,Fred VanVleet (37195380),Dillon Brooks (37195509),Tristan da Silva (37195555) (LOCKED),Alexandre Sarr (37195486) (LOCKED),Goga Bitadze (37195413) (LOCKED),Jalen Brunson (37195333),Patrick Williams (37195580) (LOCKED),Nic Claxton (37195462),,SG/SF,Amen Thompson (37195401),Amen Thompson,37195401,SG/SF/F/G/UTIL,7000,DAL@HOU 01/01/2025 08:00PM ET,HOU,28.09
4591575464,NBA $5K Quarter Jukebox [Just $0.25!],172508776,$0.25,Keyonte George (37195493),D'Angelo Russell (37195522),OG Anunoby (37195449),Patrick Williams (37195580) (LOCKED),Walker Kessler (37195433),Jalen Green (37195435),Alexandre Sarr (37195486) (LOCKED),Alperen Sengun (37195317),,PG/SG,Coby White (37195406) (LOCKED),Coby White,37195406,PG/SG/G/UTIL,6900,In Progress,CHI,32.35
4591575465,NBA $5K Quarter Jukebox [Just $0.25!],172508776,$0.25,CJ McCollum (37195376),D'Angelo Russell (37195522),Tristan da Silva (37195555) (LOCKED),Jonathan Isaac (37195695) (LOCKED),Karl-Anthony Towns (37195304),Tyler Herro (37195348),Precious Achiuwa (37195674),Nic Claxton (37195462),,PG,Immanuel Quickley (37195410),Immanuel Quickley,37195410,PG/G/UTIL,6900,BKN@TOR 01/01/2025 07:30PM ET,TOR,25.5
4591594924,NBA $25K mini-MAX [150 Entry Max],172508777,$0.50,Ben Simmons (37195475),Jalen Green (37195435),Scottie Barnes (37195309),Patrick Williams (37195580) (LOCKED),Jalen Smith (37195672) (LOCKED),Jalen Brunson (37195333),Tristan da Silva (37195555) (LOCKED),D'Angelo Russell (37195522),,C,Goga Bitadze (37195413) (LOCKED),Goga Bitadze,37195413,C/UTIL,6900,ORL@DET 01/01/2025 07:00PM ET,ORL,28.72
4591594925,NBA $25K mini-MAX [150 Entry Max],172508777,$0.50,Lonzo Ball (37195661) (LOCKED),Tyler Herro (37195348),Scottie Barnes (37195309),Patrick Williams (37195580) (LOCKED),Jonas Valanciunas (37195542) (LOCKED),D'Angelo Russell (37195522),Alexandre Sarr (37195486) (LOCKED),Goga Bitadze (37195413) (LOCKED),,SG,Cam Thomas (37195415),Cam Thomas,37195415,SG/G/UTIL,6800,BKN@TOR 01/01/2025 07:30PM ET,BKN,35.62
4591594926,NBA $25K mini-MAX [150 Entry Max],172508777,$0.50,Jalen Brunson (37195333),D'Angelo Russell (37195522),Tristan da Silva (37195555) (LOCKED),Alexandre Sarr (37195486) (LOCKED),Yves Missi (37195457),Dejounte Murray (37195336),Jonathan Isaac (37195695) (LOCKED),Goga Bitadze (37195413) (LOCKED),,PG,Spencer Dinwiddie (37195418),Spencer Dinwiddie,37195418,PG/G/UTIL,6800,DAL@HOU 01/01/2025 08:00PM ET,DAL,19.48
4591594927,NBA $25K mini-MAX [150 Entry Max],172508777,$0.50,Jalen Brunson (37195333),D'Angelo Russell (37195522),Zach LaVine (37195360) (LOCKED),Patrick Williams (37195580) (LOCKED),Alexandre Sarr (37195486) (LOCKED),Fred VanVleet (37195380),Kentavious Caldwell-Pope (37195585) (LOCKED),Daniel Gafford (37195502),,SF,Bilal Coulibaly (37195421) (LOCKED),Bilal Coulibaly,37195421,SF/F/UTIL,6700,In Progress,WAS,29.96
4591594928,NBA $25K mini-MAX [150 Entry Max],172508777,$0.50,Kyrie Irving (37195319),D'Angelo Russell (37195522),Ausar Thompson (37195668) (LOCKED),Tristan da Silva (37195555) (LOCKED),Goga Bitadze (37195413) (LOCKED),Jalen Brunson (37195333),Trey Murphy III (37195393),Lonzo Ball (37195661) (LOCKED),,PG/SG,Ayo Dosunmu (37195424) (LOCKED),Ayo Dosunmu,37195424,PG/SG/G/UTIL,6700,In Progress,CHI,27.42
4591594929,NBA $25K mini-MAX [150 Entry Max],172508777,$0.50,Jalen Brunson (37195333),Jalen Green (37195435),Josh Hart (37195385),Noah Clowney (37195559),Walker Kessler (37195433),D'Angelo Russell (37195522),Patrick Williams (37195580) (LOCKED),Yves Missi (37195457),,SG,Jalen Green (37195435),Jalen Green,37195435,SG/G/UTIL,6600,DAL@HOU 01/01/2025 08:00PM ET,HOU,31.34
4591594930,NBA $25K mini-MAX [150 Entry Max],172508777,$0.50,Fred VanVleet (37195380),D'Angelo Russell (37195522),Cameron Johnson (37195372),Ausar Thompson (37195668) (LOCKED),Goga Bitadze (37195413) (LOCKED),Josh Giddey (37195369) (LOCKED),Tristan da Silva (37195555) (LOCKED),Walker Kessler (37195433),,SG/SF,Mikal Bridges (37195428),Mikal Bridges,37195428,SG/SF/F/G/UTIL,6600,UTA@NYK 01/01/2025 07:30PM ET,NYK,31.09
4591594931,NBA $25K mini-MAX [150 Entry Max],172508777,$0.50,Lonzo Ball (37195661) (LOCKED),D'Angelo Russell (37195522),Josh Hart (37195385),PJ Washington (37195398),Goga Bitadze (37195413) (LOCKED),Jalen Brunson (37195333),Tristan da Silva (37195555) (LOCKED),Yves Missi (37195457),,C,Walker Kessler (37195433),Walker Kessler,37195433,C/UTIL,6600,UTA@NYK 01/01/2025 07:30PM ET,UTA,33.19
4591594932,NBA $25K mini-MAX [150 Entry Max],172508777,$0.50,Fred VanVleet (37195380),D'Angelo Russell (37195522),Tristan da Silva (37195555) (LOCKED),Noah Clowney (37195559),Day'Ron Sharpe (37195666),CJ McCollum (37195376),Alexandre Sarr (37195486) (LOCKED),Karl-Anthony Towns (37195304),,PG/SG,Collin Sexton (37195438),Collin Sexton,37195438,PG/SG/G/UTIL,6500,UTA@NYK 01/01/2025 07:30PM ET,UTA,27.85
4591594933,NBA $25K mini-MAX [150 Entry Max],172508777,$0.50,Fred VanVleet (37195380),D'Angelo Russell (37195522),Tristan da Silva (37195555) (LOCKED),Cameron Johnson (37195372),Yves Missi (37195457),Lonzo Ball (37195661) (LOCKED),Patrick Williams (37195580) (LOCKED),Karl-Anthony Towns (37195304),,PF,Kyle Kuzma (37195442) (LOCKED),Kyle Kuzma,37195442,PF/F/UTIL,6400,In Progress,WAS,25.86
4591594934,NBA $25K mini-MAX [150 Entry Max],172508777,$0.50,D'Angelo Russell (37195522),Zach LaVine (37195360) (LOCKED),Tristan da Silva (37195555) (LOCKED),Ausar Thompson (37195668) (LOCKED),Nic Claxton (37195462),CJ McCollum (37195376),Alexandre Sarr (37195486) (LOCKED),Bam Adebayo (37195339),,PG/SG,Jaden Ivey (37195445) (LOCKED),Jaden Ivey,37195445,PG/SG/G/UTIL,6300,ORL@DET 01/01/2025 07:00PM ET,DET,30.87
4591594935,NBA $25K mini-MAX [150 Entry Max],172508777,$0.50,Jalen Brunson (37195333),D'Angelo Russell (37195522),Tristan da Silva (37195555) (LOCKED),Patrick Williams (37195580) (LOCKED),Wendell Carter Jr. (37195514) (LOCKED),Cade Cunningham (37195301) (LOCKED),Alexandre Sarr (37195486) (LOCKED),Noah Clowney (37195559),,C,Jalen Duren (37195464) (LOCKED),Jalen Duren,37195464,C/UTIL,6300,ORL@DET 01/01/2025 07:00PM ET,DET,27.01
4591594936,NBA $25K mini-MAX [150 Entry Max],172508777,$0.50,D'Angelo Russell (37195522),Mikal Bridges (37195428),Tristan da Silva (37195555) (LOCKED),Alexandre Sarr (37195486) (LOCKED),Nic Claxton (37195462),CJ McCollum (37195376),Bilal Coulibaly (37195421) (LOCKED),Goga Bitadze (37195413) (LOCKED),,PG/SG,Malcolm Brogdon (37195453) (LOCKED),Malcolm Brogdon,37195453,PG/SG/G/UTIL,6200,In Progress,WAS,27.05
4591594937,NBA $25K mini-MAX [150 Entry Max],172508777,$0.50,Jalen Brunson (37195333),D'Angelo Russell (37195522),Tristan da Silva (37195555) (LOCKED),Alexandre Sarr (37195486) (LOCKED),Daniel Gafford (37195502),Kentavious Caldwell-Pope (37195585) (LOCKED),Mikal Bridges (37195428),Bam Adebayo (37195339),,C,Nic Claxton (37195462),Nic Claxton,37195462,C/UTIL,6200,BKN@TOR 01/01/2025 07:30PM ET,BKN,25.43
4591594938,NBA $25K mini-MAX [150 Entry Max],172508777,$0.50,Ben Simmons (37195475),D'Angelo Russell (37195522),Tristan da Silva (37195555) (LOCKED),Patrick Williams (37195580) (LOCKED),Nic Claxton (37195462),Jalen Brunson (37195333),Tari Eason (37195563),Alperen Sengun (37195317),,SF/PF,OG Anunoby (37195449),OG Anunoby,37195449,SF/PF/F/UTIL,6200,UTA@NYK 01/01/2025 07:30PM ET,NYK,30.89
4591594939,NBA $25K mini-MAX [150 Entry Max],172508777,$0.50,D'Angelo Russell (37195522),Tyler Herro (37195348),Tristan da Silva (37195555) (LOCKED),Noah Clowney (37195559),Dereck Lively II (37195496),Keyonte George (37195493),Alexandre Sarr (37195486) (LOCKED),Alperen Sengun (37195317),,PF/C,Jabari Smith Jr. (37195466),Jabari Smith Jr.,37195466,PF/C/F/UTIL,6100,DAL@HOU 01/01/2025 08:00PM ET,HOU,24.99
4591594940,NBA $25K mini-MAX [150 Entry Max],172508777,$0.50,Jalen Brunson (37195333),D'Angelo Russell (37195522),Zach LaVine (37195360) (LOCKED),Patrick Williams (37195580) (LOCKED),Walker Kessler (37195433),Lonzo Ball (37195661) (LOCKED),Jonathan Isaac (37195695) (LOCKED),Kyrie Irving (37195319),,SG/SF,Quentin Grimes (37195470),Quentin Grimes,37195470,SG/SF/F/G/UTIL,6100,DAL@HOU 01/01/2025 08:00PM ET,DAL,18.82
4591594941,NBA $25K mini-MAX [150 Entry Max],172508777,$0.50,Kyrie Irving (37195319),D'Angelo Russell (37195522),Tristan da Silva (37195555) (LOCKED),Noah Clowney (37195559),Dereck Lively II (37195496),Coby White (37195406) (LOCKED),Precious Achiuwa (37195674),Alperen Sengun (37195317),,SG,Jordan Clarkson (37195459),Jordan Clarkson,37195459,SG/G/UTIL,6100,UTA@NYK 01/01/2025 07:30PM ET,UTA,28.78
4591594942,NBA $25K mini-MAX [150 Entry Max],172508777,$0.50,Tyler Herro (37195348),Trey Murphy III (37195393),Tristan da Silva (37195555) (LOCKED),Wendell Carter Jr. (37195514) (LOCKED),Goga Bitadze (37195413) (LOCKED),D'Angelo Russell (37195522),Alexandre Sarr (37195486) (LOCKED),Nic Claxton (37195462),,PG,Ben Simmons (37195475),Ben Simmons,37195475,PG/G/UTIL,6000,BKN@TOR 01/01/2025 07:30PM ET,BKN,24.38
4591594943,NBA $25K mini-MAX [150 Entry Max],172508777,$0.50,D'Angelo Russell (37195522),Jalen Green (37195435),Ausar Thompson (37195668) (LOCKED),Patrick Williams (37195580) (LOCKED),Bam Adebayo (37195339),Scottie Barnes (37195309),Alexandre Sarr (37195486) (LOCKED),Daniel Gafford (37195502),,C,Yves Missi (37195457),Yves Missi,37195457,C/UTIL,6000,NOP@MIA 01/01/2025 07:30PM ET,NOP,26.04
4591594944,NBA $25K mini-MAX [150 Entry Max],172508777,$0.50,D'Angelo Russell (37195522),Kyrie Irving (37195319),Tristan da Silva (37195555) (LOCKED),Josh Hart (37195385),Yves Missi (37195457),Fred VanVleet (37195380),Jonathan Isaac (37195695) (LOCKED),Nic Claxton (37195462),,SG/SF,Klay Thompson (37195478),Klay Thompson,37195478,SG/SF/F/G/UTIL,6000,DAL@HOU 01/01/2025 08:00PM ET,DAL,24.82
4591594945,NBA $25K mini-MAX [150 Entry Max],172508777,$0.50,Josh Giddey (37195369) (LOCKED),D'Angelo Russell (37195522),Tristan da Silva (37195555) (LOCKED),Alexandre Sarr (37195486) (LOCKED),Dereck Lively II (37195496),Fred VanVleet (37195380),Trey Murphy III (37195393),Nic Claxton (37195462),,PG,Jose Alvarado (37195483),Jose Alvarado,37195483,PG/G/UTIL,5900,NOP@MIA 01/01/2025 07:30PM ET,NOP,24.23
4591594946,NBA $25K mini-MAX [150 Entry Max],172508777,$0.50,Lonzo Ball (37195661) (LOCKED),CJ McCollum (37195376),Scottie Barnes (37195309),Alexandre Sarr (37195486) (LOCKED),Yves Missi (37195457),D'Angelo Russell (37195522),Patrick Williams (37195580) (LOCKED),Goga Bitadze (37195413) (LOCKED),,PF/C,Alexandre Sarr (37195486) (LOCKED),Alexandre Sarr,37195486,PF/C/F/UTIL,5800,In Progress,WAS,27.54
4591594947,NBA $25K mini-MAX [150 Entry Max],172508777,$0.50,Jalen Brunson (37195333),D'Angelo Russell (37195522),OG Anunoby (37195449),Noah Clowney (37195559),Dereck Lively II (37195496),Jalen Green (37195435),Alexandre Sarr (37195486) (LOCKED),Goga Bitadze (37195413) (LOCKED),,SG,Gradey Dick (37195490),Gradey Dick,37195490,SG/G/UTIL,5700,BKN@TOR 01/01/2025 07:30PM ET,TOR,27.90
4591594948,NBA $25K mini-MAX [150 Entry Max],172508777,$0.50,Jalen Brunson (37195333),Coby White (37195406) (LOCKED),Justin Champagnie (37195518) (LOCKED),Jonathan Isaac (37195695) (LOCKED),Goga Bitadze (37195413) (LOCKED),CJ McCollum (37195376),Alexandre Sarr (37195486) (LOCKED),D'Angelo Russell (37195522),,PG,Keyonte George (37195493),Keyonte George,37195493,PG/G/UTIL,5600,UTA@NYK 01/01/2025 07:30PM ET,UTA,30.20
4591594949,NBA $25K mini-MAX [150 Entry Max],172508777,$0.50,Jalen Brunson (37195333),D'Angelo Russell (37195522),Tristan da Silva (37195555) (LOCKED),Jonathan Isaac (37195695) (LOCKED),Alperen Sengun (37195317),Duncan Robinson (37195590),Mikal Bridges (37195428),Coby White (37195406) (LOCKED),,C,Dereck Lively II (37195496),Dereck Lively II,37195496,C/UTIL,5500,DAL@HOU 01/01/2025 08:00PM ET,DAL,26.24
4591594950,NBA $25K mini-MAX [150 Entry Max],172508777,$0.50,Scottie Barnes (37195309),D'Angelo Russell (37195522),Tristan da Silva (37195555) (LOCKED),Patrick Williams (37195580) (LOCKED),Bam Adebayo (37195339),Jalen Green (37195435),Kentavious Caldwell-Pope (37195585) (LOCKED),Daniel Gafford (37195502),,SF/PF,Herbert Jones (37195498),Herbert Jones,37195498,SF/PF/F/UTIL,5400,NOP@MIA 01/01/2025 07:30PM ET,NOP,25.68
4591594951,NBA $25K mini-MAX [150 Entry Max],172508777,$0.50,Lonzo Ball (37195661) (LOCKED),D'Angelo Russell (37195522),Ausar Thompson (37195668) (LOCKED),Alexandre Sarr (37195486) (LOCKED),Karl-Anthony Towns (37195304),Coby White (37195406) (LOCKED),Patrick Williams (37195580) (LOCKED),Alperen Sengun (37195317),,C,Daniel Gafford (37195502),Daniel Gafford,37195502,C/UTIL,5400,DAL@HOU 01/01/2025 08:00PM ET,DAL,24.97
4591594952,NBA $25K mini-MAX [150 Entry Max],172508777,$0.50,Keyonte George (37195493),D'Angelo Russell (37195522),Tristan da Silva (37195555) (LOCKED),Patrick Williams (37195580) (LOCKED),Nikola Vucevic (37195331) (LOCKED),Scottie Barnes (37195309),Jonathan Isaac (37195695) (LOCKED),Goga Bitadze (37195413) (LOCKED),,SG/SF,Malik Beasley (37195504) (LOCKED),Malik Beasley,37195504,SG/SF/F/G/UTIL,5300,ORL@DET 01/01/2025 07:00PM ET,DET,26.44
4591594953,NBA $25K mini-MAX [150 Entry Max],172508777,$0.50,Tyler Herro (37195348),D'Angelo Russell (37195522),Josh Hart (37195385),Patrick Williams (37195580) (LOCKED),Goga Bitadze (37195413) (LOCKED),Lonzo Ball (37195661) (LOCKED),Noah Clowney (37195559),Bam Adebayo (37195339),,SF/PF,Justin Champagnie (37195518) (LOCKED),Justin Champagnie,37195518,SF/PF/F/UTIL,5200,In Progress,WAS,25.56
4591594954,NBA $25K mini-MAX [150 Entry Max],172508777,$0.50,Josh Giddey (37195369) (LOCKED),Trey Murphy III (37195393),Tristan da Silva (37195555) (LOCKED),Noah Clowney (37195559),Goga Bitadze (37195413) (LOCKED),D'Angelo Russell (37195522),Patrick Williams (37195580) (LOCKED),Bam Adebayo (37195339),,PF/C,Wendell Carter Jr. (37195514) (LOCKED),Wendell Carter Jr.,37195514,PF/C/F/UTIL,5200,ORL@DET 01/01/2025 07:00PM ET,ORL,22.05
4591594955,NBA $25K mini-MAX [150 Entry Max],172508777,$0.50,Keyonte George (37195493),Tyler Herro (37195348),Tristan da Silva (37195555) (LOCKED),Precious Achiuwa (37195674),Goga Bitadze (37195413) (LOCKED),D'Angelo Russell (37195522),Noah Clowney (37195559),Karl-Anthony Towns (37195304),,SG/SF,Dillon Brooks (37195509),Dillon Brooks,37195509,SG/SF/F/G/UTIL,5200,DAL@HOU 01/01/2025 08:00PM ET,HOU,23.82
4591594956,NBA $25K mini-MAX [150 Entry Max],172508777,$0.50,Lonzo Ball (37195661) (LOCKED),D'Angelo Russell (37195522),Tristan da Silva (37195555) (LOCKED),Patrick Williams (37195580) (LOCKED),Alperen Sengun (37195317),Dejounte Murray (37195336),Josh Hart (37195385),Yves Missi (37195457),,PG/SG,Carlton Carrington (37195526) (LOCKED),Carlton Carrington,37195526,PG/SG/G/UTIL,5100,In Progress,WAS,22.12
4591594957,NBA $25K mini-MAX [150 Entry Max],172508777,$0.50,CJ McCollum (37195376),D'Angelo Russell (37195522),Trey Murphy III (37195393),Patrick Williams (37195580) (LOCKED),Daniel Gafford (37195502),Jalen Green (37195435),Mikal Bridges (37195428),Goga Bitadze (37195413) (LOCKED),,PG/SG,D'Angelo Russell (37195522),D'Angelo Russell,37195522,PG/SG/G/UTIL,5100,BKN@TOR 01/01/2025 07:30PM ET,BKN,24.88
4591594958,NBA $25K mini-MAX [150 Entry Max],172508777,$0.50,Jalen Brunson (37195333),D'Angelo Russell (37195522),Tristan da Silva (37195555) (LOCKED),Noah Clowney (37195559),Goga Bitadze (37195413) (LOCKED),Coby White (37195406) (LOCKED),Kentavious Caldwell-Pope (37195585) (LOCKED),Josh Giddey (37195369) (LOCKED),,SG/SF,Ziaire Williams (37195534),Ziaire Williams,37195534,SG/SF/F/G/UTIL,5100,BKN@TOR 01/01/2025 07:30PM ET,BKN,18.43
4591594959,NBA $25K mini-MAX [150 Entry Max],172508777,$0.50,Tyler Herro (37195348),Jalen Green (37195435),Tristan da Silva (37195555) (LOCKED),Noah Clowney (37195559),Nikola Vucevic (37195331) (LOCKED),D'Angelo Russell (37195522),Patrick Williams (37195580) (LOCKED),Nic Claxton (37195462),,SG,Cole Anthony (37195539) (LOCKED),Cole Anthony,37195539,SG/G/UTIL,5100,ORL@DET 01/01/2025 07:00PM ET,ORL,13.02
4591594960,NBA $25K mini-MAX [150 Entry Max],172508777,$0.50,CJ McCollum (37195376),Coby White (37195406) (LOCKED),Tristan da Silva (37195555) (LOCKED),Jonathan Isaac (37195695) (LOCKED),Karl-Anthony Towns (37195304),D'Angelo Russell (37195522),Noah Clowney (37195559),Walker Kessler (37195433),,PF,Tobias Harris (37195552) (LOCKED),Tobias Harris,37195552,PF/F/UTIL,5100,ORL@DET 01/01/2025 07:00PM ET,DET,27.64
4591594961,NBA $25K mini-MAX [150 Entry Max],172508777,$0.50,Tyler Herro (37195348),D'Angelo Russell (37195522),Tristan da Silva (37195555) (LOCKED),OG Anunoby (37195449),Jonas Valanciunas (37195542) (LOCKED),CJ McCollum (37195376),Alexandre Sarr (37195486) (LOCKED),Goga Bitadze (37195413) (LOCKED),,PG/SG,Terry Rozier (37195530),Terry Rozier,37195530,PG/SG/G/UTIL,5100,NOP@MIA 01/01/2025 07:30PM ET,MIA,23.53
4591594962,NBA $25K mini-MAX [150 Entry Max],172508777,$0.50,Jalen Brunson (37195333),CJ McCollum (37195376),OG Anunoby (37195449),Jonathan Isaac (37195695) (LOCKED),Goga Bitadze (37195413) (LOCKED),Jalen Green (37195435),Noah Clowney (37195559),D'Angelo Russell (37195522),,C,Jonas Valanciunas (37195542) (LOCKED),Jonas Valanciunas,37195542,C/UTIL,5000,In Progress,WAS,27.53
4591594963,NBA $25K mini-MAX [150 Entry Max],172508777,$0.50,Ben Simmons (37195475),D'Angelo Russell (37195522),Ausar Thompson (37195668) (LOCKED),Patrick Williams (37195580) (LOCKED),Alperen Sengun (37195317),Jalen Green (37195435),Alexandre Sarr (37195486) (LOCKED),Bam Adebayo (37195339),,PG/SG,Keon Johnson (37195544),Keon Johnson,37195544,PG/SG/G/UTIL,5000,BKN@TOR 01/01/2025 07:30PM ET,BKN,15.05
4591594964,NBA $25K mini-MAX [150 Entry Max],172508777,$0.50,Kyrie Irving (37195319),D'Angelo Russell (37195522),Mikal Bridges (37195428),Jonathan Isaac (37195695) (LOCKED),Walker Kessler (37195433),CJ McCollum (37195376),Noah Clowney (37195559),Nic Claxton (37195462),,SF/PF,Jaime Jaquez Jr. (37195548),Jaime Jaquez Jr.,37195548,SF/PF/F/UTIL,5000,NOP@MIA 01/01/2025 07:30PM ET,MIA,19.64
4591594965,NBA $25K mini-MAX [150 Entry Max],172508777,$0.50,Lonzo Ball (37195661) (LOCKED),D'Angelo Russell (37195522),Tristan da Silva (37195555) (LOCKED),Alexandre Sarr (37195486) (LOCKED),Bam Adebayo (37195339),Trey Murphy III (37195393),Noah Clowney (37195559),Alperen Sengun (37195317),,PF/C,Noah Clowney (37195559),Noah Clowney,37195559,PF/C/F/UTIL,4900,BKN@TOR 01/01/2025 07:30PM ET,BKN,16.74
4591594966,NBA $25K mini-MAX [150 Entry Max],172508777,$0.50,Coby White (37195406) (LOCKED),D'Angelo Russell (37195522),Tristan da Silva (37195555) (LOCKED),Patrick Williams (37195580) (LOCKED),Nic Claxton (37195462),Jalen Brunson (37195333),Precious Achiuwa (37195674),Alperen Sengun (37195317),,SF/PF,Tristan da Silva (37195555) (LOCKED),Tristan da Silva,37195555,SF/PF/F/UTIL,4900,ORL@DET 01/01/2025 07:00PM ET,ORL,17.15
4591594967,NBA $25K mini-MAX [150 Entry Max],172508777,$0.50,Keyonte George (37195493),D'Angelo Russell (37195522),Tristan da Silva (37195555) (LOCKED),Precious Achiuwa (37195674),Alperen Sengun (37195317),Jalen Green (37195435),Alexandre Sarr (37195486) (LOCKED),Dejounte Murray (37195336),,SF,Saddiq Bey (37195570) (LOCKED),Saddiq Bey,37195570,SF/F/UTIL,4800,In Progress,WAS,0
4591594968,NBA $25K mini-MAX [150 Entry Max],172508777,$0.50,Tyler Herro (37195348),Mikal Bridges (37195428),Tristan da Silva (37195555) (LOCKED),Wendell Carter Jr. (37195514) (LOCKED),Nic Claxton (37195462),D'Angelo Russell (37195522),Alexandre Sarr (37195486) (LOCKED),CJ McCollum (37195376),,SF,Jalen Wilson (37195567),Jalen Wilson,37195567,SF/F/UTIL,4800,BKN@TOR 01/01/2025 07:30PM ET,BKN,17.47
4591594969,NBA $25K mini-MAX [150 Entry Max],172508777,$0.50,Jalen Suggs (37195356) (LOCKED),D'Angelo Russell (37195522),Kentavious Caldwell-Pope (37195585) (LOCKED),Patrick Williams (37195580) (LOCKED),Nic Claxton (37195462),Jalen Green (37195435),Alexandre Sarr (37195486) (LOCKED),Jalen Brunson (37195333),,SF/PF,Tari Eason (37195563),Tari Eason,37195563,SF/PF/F/UTIL,4800,DAL@HOU 01/01/2025 08:00PM ET,HOU,26.70
4591594970,NBA $25K mini-MAX [150 Entry Max],172508777,$0.50,D'Angelo Russell (37195522),CJ McCollum (37195376),Kentavious Caldwell-Pope (37195585) (LOCKED),Jonathan Isaac (37195695) (LOCKED),Karl-Anthony Towns (37195304),Ben Simmons (37195475),Alexandre Sarr (37195486) (LOCKED),Goga Bitadze (37195413) (LOCKED),,PG,Anthony Black (37195577) (LOCKED),Anthony Black,37195577,PG/G/UTIL,4700,ORL@DET 01/01/2025 07:00PM ET,ORL,19.57
4591594971,NBA $25K mini-MAX [150 Entry Max],172508777,$0.50,Lonzo Ball (37195661) (LOCKED),D'Angelo Russell (37195522),Tristan da Silva (37195555) (LOCKED),Noah Clowney (37195559),Karl-Anthony Towns (37195304),Fred VanVleet (37195380),Patrick Williams (37195580) (LOCKED),Bam Adebayo (37195339),,SF/PF,Naji Marshall (37195573),Naji Marshall,37195573,SF/PF/F/UTIL,4700,DAL@HOU 01/01/2025 08:00PM ET,DAL,19.82
4591594972,NBA $25K mini-MAX [150 Entry Max],172508777,$0.50,Jalen Suggs (37195356) (LOCKED),D'Angelo Russell (37195522),Mikal Bridges (37195428),Tristan da Silva (37195555) (LOCKED),Alperen Sengun (37195317),Jalen Green (37195435),Jonathan Isaac (37195695) (LOCKED),Daniel Gafford (37195502),,PF,Patrick Williams (37195580) (LOCKED),Patrick Williams,37195580,PF/F/UTIL,4600,In Progress,CHI,22.17
4591594973,NBA $25K mini-MAX [150 Entry Max],172508777,$0.50,Keyonte George (37195493),Kyrie Irving (37195319),Tristan da Silva (37195555) (LOCKED),OG Anunoby (37195449),Bam Adebayo (37195339),D'Angelo Russell (37195522),Patrick Williams (37195580) (LOCKED),Daniel Gafford (37195502),,C,Kelly Olynyk (37195583),Kelly Olynyk,37195583,C/UTIL,4600,BKN@TOR 01/01/2025 07:30PM ET,TOR,18.12
4591595020,NBA $400 Dime Time [Just $0.10!],172510584,$0.10,Josh Giddey (37195369) (LOCKED),D'Angelo Russell (37195522),OG Anunoby (37195449),Jonathan Isaac (37195695) (LOCKED),Goga Bitadze (37195413) (LOCKED),Kyrie Irving (37195319),Tristan da Silva (37195555) (LOCKED),Nic Claxton (37195462),,SG/SF,Kentavious Caldwell-Pope (37195585) (LOCKED),Kentavious Caldwell-Pope,37195585,SG/SF/F/G/UTIL,4500,ORL@DET 01/01/2025 07:00PM ET,ORL,19.08
4591595021,NBA $400 Dime Time [Just $0.10!],172510584,$0.10,Dejounte Murray (37195336),D'Angelo Russell (37195522),Tristan da Silva (37195555) (LOCKED),Patrick Williams (37195580) (LOCKED),Walker Kessler (37195433),Kyrie Irving (37195319),Noah Clowney (37195559),Keyonte George (37195493),,SG,Duncan Robinson (37195590),Duncan Robinson,37195590,SG/G/UTIL,4500,NOP@MIA 01/01/2025 07:30PM ET,MIA,19.93
4591595022,NBA $400 Dime Time [Just $0.10!],172510584,$0.10,Fred VanVleet (37195380),Jalen Green (37195435),Tristan da Silva (37195555) (LOCKED),Patrick Williams (37195580) (LOCKED),Jonas Valanciunas (37195542) (LOCKED),D'Angelo Russell (37195522),Alexandre Sarr (37195486) (LOCKED),Karl-Anthony Towns (37195304),,PG/SG,Jaden Hardy (37195593),Jaden Hardy,37195593,PG/SG/G/UTIL,4500,DAL@HOU 01/01/2025 08:00PM ET,DAL,11.21
4591595023,NBA $400 Dime Time [Just $0.10!],172510584,$0.10,Jalen Brunson (37195333),Tyler Herro (37195348),Cameron Johnson (37195372),Jonathan Isaac (37195695) (LOCKED),Walker Kessler (37195433),D'Angelo Russell (37195522),Alexandre Sarr (37195486) (LOCKED),Lonzo Ball (37195661) (LOCKED),,SG/SF,Corey Kispert (37195600) (LOCKED),Corey Kispert,37195600,SG/SF/F/G/UTIL,4300,In Progress,WAS,19.69
4591595024,NBA $400 Dime Time [Just $0.10!],172510584,$0.10,Scottie Barnes (37195309),Jalen Green (37195435),OG Anunoby (37195449),Jonathan Isaac (37195695) (LOCKED),Nic Claxton (37195462),D'Angelo Russell (37195522),Tristan da Silva (37195555) (LOCKED),Josh Hart (37195385),,PF,Trendon Watford (37195597),Trendon Watford,37195597,PF/F/UTIL,4300,BKN@TOR 01/01/2025 07:30PM ET,BKN,15.79
4591595025,NBA $400 Dime Time [Just $0.10!],172510584,$0.10,Lonzo Ball (37195661) (LOCKED),D'Angelo Russell (37195522),Josh Hart (37195385),Nikola Jovic (37195605),Alperen Sengun (37195317),Jalen Brunson (37195333),Patrick Williams (37195580) (LOCKED),Jalen Green (37195435),,SF/PF,Kyshawn George (37195609) (LOCKED),Kyshawn George,37195609,SF/PF/F/UTIL,4200,In Progress,WAS,18.62
4591595026,NBA $400 Dime Time [Just $0.10!],172510584,$0.10,Tyler Herro (37195348),D'Angelo Russell (37195522),OG Anunoby (37195449),Jonathan Isaac (37195695) (LOCKED),Walker Kessler (37195433),Jalen Brunson (37195333),Noah Clowney (37195559),Nic Claxton (37195462),,PF/C,Nikola Jovic (37195605),Nikola Jovic,37195605,PF/C/F/UTIL,4200,NOP@MIA 01/01/2025 07:30PM ET,MIA,17.77
4591595027,NBA $400 Dime Time [Just $0.10!],172510584,$0.10,Fred VanVleet (37195380),D'Angelo Russell (37195522),Tristan da Silva (37195555) (LOCKED),Ausar Thompson (37195668) (LOCKED),Bam Adebayo (37195339),CJ McCollum (37195376),Alexandre Sarr (37195486) (LOCKED),Walker Kessler (37195433),,PF/C,Maxi Kleber (37195613),Maxi Kleber,37195613,PF/C/F/UTIL,4200,DAL@HOU 01/01/2025 08:00PM ET,DAL,8.83
4591595028,NBA $400 Dime Time [Just $0.10!],172510584,$0.10,D'Angelo Russell (37195522),Coby White (37195406) (LOCKED),Mikal Bridges (37195428),Tristan da Silva (37195555) (LOCKED),Goga Bitadze (37195413) (LOCKED),Jalen Brunson (37195333),Patrick Williams (37195580) (LOCKED),Ben Simmons (37195475),,PF,Ochai Agbaji (37195621),Ochai Agbaji,37195621,PF/F/UTIL,4100,BKN@TOR 01/01/2025 07:30PM ET,TOR,21.74
4591595029,NBA $400 Dime Time [Just $0.10!],172510584,$0.10,Jalen Brunson (37195333),Mikal Bridges (37195428),Tristan da Silva (37195555) (LOCKED),Noah Clowney (37195559),Goga Bitadze (37195413) (LOCKED),Jalen Green (37195435),Alexandre Sarr (37195486) (LOCKED),Daniel Gafford (37195502),,PG/SG,Trevelin Queen (37195617) (LOCKED),Trevelin Queen,37195617,PG/SG/G/UTIL,4100,ORL@DET 01/01/2025 07:00PM ET,ORL,11.25
4591595030,NBA $400 Dime Time [Just $0.10!],172510584,$0.10,D'Angelo Russell (37195522),Tyler Herro (37195348),Mikal Bridges (37195428),Patrick Williams (37195580) (LOCKED),Goga Bitadze (37195413) (LOCKED),Lonzo Ball (37195661) (LOCKED),Alexandre Sarr (37195486) (LOCKED),Bam Adebayo (37195339),,SF/PF,Haywood Highsmith (37195624),Haywood Highsmith,37195624,SF/PF/F/UTIL,4100,NOP@MIA 01/01/2025 07:30PM ET,MIA,16.37
4591595031,NBA $400 Dime Time [Just $0.10!],172510584,$0.10,Fred VanVleet (37195380),D'Angelo Russell (37195522),Tristan da Silva (37195555) (LOCKED),PJ Washington (37195398),Yves Missi (37195457),Jalen Green (37195435),Alexandre Sarr (37195486) (LOCKED),Goga Bitadze (37195413) (LOCKED),,SG/SF,Bruce Brown (37195632),Bruce Brown,37195632,SG/SF/F/G/UTIL,4000,BKN@TOR 01/01/2025 07:30PM ET,TOR,15.62
4591595032,NBA $400 Dime Time [Just $0.10!],172510584,$0.10,Kyrie Irving (37195319),D'Angelo Russell (37195522),Cameron Johnson (37195372),Noah Clowney (37195559),Goga Bitadze (37195413) (LOCKED),Mikal Bridges (37195428),Jonathan Isaac (37195695) (LOCKED),Alexandre Sarr (37195486) (LOCKED),,C,Bruno Fernando (37195637),Bruno Fernando,37195637,C/UTIL,4000,BKN@TOR 01/01/2025 07:30PM ET,TOR,9.87
4591595033,NBA $400 Dime Time [Just $0.10!],172510584,$0.10,Jalen Brunson (37195333),D'Angelo Russell (37195522),Tristan da Silva (37195555) (LOCKED),Noah Clowney (37195559),Dereck Lively II (37195496),Zach LaVine (37195360) (LOCKED),Alexandre Sarr (37195486) (LOCKED),Goga Bitadze (37195413) (LOCKED),,PG/SG,Jordan Hawkins (37195643),Jordan Hawkins,37195643,PG/SG/G/UTIL,4000,NOP@MIA 01/01/2025 07:30PM ET,NOP,19.38
4591595034,NBA $400 Dime Time [Just $0.10!],172510584,$0.10,Lonzo Ball (37195661) (LOCKED),D'Angelo Russell (37195522),Ausar Thompson (37195668) (LOCKED),Patrick Williams (37195580) (LOCKED),Karl-Anthony Towns (37195304),Cade Cunningham (37195301) (LOCKED),Tristan da Silva (37195555) (LOCKED),Goga Bitadze (37195413) (LOCKED),,SF/PF,Cam Whitmore (37195639),Cam Whitmore,37195639,SF/PF/F/UTIL,4000,DAL@HOU 01/01/2025 08:00PM ET,HOU,13.21
4591595035,NBA $400 Dime Time [Just $0.10!],172510584,$0.10,Tyler Herro (37195348),D'Angelo Russell (37195522),Kentavious Caldwell-Pope (37195585) (LOCKED),Patrick Williams (37195580) (LOCKED),Daniel Gafford (37195502),Jalen Green (37195435),Noah Clowney (37195559),Karl-Anthony Towns (37195304),,PG/SG,Miles McBride (37195628),Miles McBride,37195628,PG/SG/G/UTIL,4000,UTA@NYK 01/01/2025 07:30PM ET,NYK,20.27
4591595036,NBA $400 Dime Time [Just $0.10!],172510584,$0.10,Josh Giddey (37195369) (LOCKED),D'Angelo Russell (37195522),Josh Hart (37195385),Tristan da Silva (37195555) (LOCKED),Nic Claxton (37195462),Dejounte Murray (37195336),Patrick Williams (37195580) (LOCKED),Daniel Gafford (37195502),,PF/C,Jonathan Mogbo (37195647),Jonathan Mogbo,37195647,PF/C/F/UTIL,3900,BKN@TOR 01/01/2025 07:30PM ET,TOR,15.57
4591595037,NBA $400 Dime Time [Just $0.10!],172510584,$0.10,Keyonte George (37195493),Kyrie Irving (37195319),Mikal Bridges (37195428),Alexandre Sarr (37195486) (LOCKED),Jalen Smith (37195672) (LOCKED),Jalen Brunson (37195333),Tristan da Silva (37195555) (LOCKED),D'Angelo Russell (37195522),,PG,Lonzo Ball (37195661) (LOCKED),Lonzo Ball,37195661,PG/G/UTIL,3800,In Progress,CHI,18.23
4591595038,NBA $400 Dime Time [Just $0.10!],172510584,$0.10,Jalen Brunson (37195333),D'Angelo Russell (37195522),OG Anunoby (37195449),Patrick Williams (37195580) (LOCKED),Dereck Lively II (37195496),Tyler Herro (37195348),Alexandre Sarr (37195486) (LOCKED),Daniel Gafford (37195502),,SG/SF,Tyrese Martin (37195651),Tyrese Martin,37195651,SG/SF/F/G/UTIL,3800,BKN@TOR 01/01/2025 07:30PM ET,BKN,14.94
4591595039,NBA $400 Dime Time [Just $0.10!],172510584,$0.10,Fred VanVleet (37195380),D'Angelo Russell (37195522),Malik Beasley (37195504) (LOCKED),Patrick Williams (37195580) (LOCKED),Nic Claxton (37195462),Kyrie Irving (37195319),Tristan da Silva (37195555) (LOCKED),Goga Bitadze (37195413) (LOCKED),,SG/SF,Ja'Kobe Walter (37195656),Ja'Kobe Walter,37195656,SG/SF/F/G/UTIL,3800,BKN@TOR 01/01/2025 07:30PM ET,TOR,16
4591575417,NBA $25K And-One [20 Entry Max],172517937,$1,Fred VanVleet (37195380),D'Angelo Russell (37195522),Tristan da Silva (37195555) (LOCKED),Alexandre Sarr (37195486) (LOCKED),Nic Claxton (37195462),Lonzo Ball (37195661) (LOCKED),PJ Washington (37195398),Kyrie Irving (37195319),,C,Mitchell Robinson (37195664),Mitchell Robinson,37195664,C/UTIL,3800,UTA@NYK 01/01/2025 07:30PM ET,NYK,0
4591575418,NBA $25K And-One [20 Entry Max],172517937,$1,Josh Giddey (37195369) (LOCKED),D'Angelo Russell (37195522),Tristan da Silva (37195555) (LOCKED),Precious Achiuwa (37195674),Nic Claxton (37195462),Coby White (37195406) (LOCKED),Alexandre Sarr (37195486) (LOCKED),Alperen Sengun (37195317),,C,Jalen Smith (37195672) (LOCKED),Jalen Smith,37195672,C/UTIL,3700,In Progress,CHI,18.48
4591575419,NBA $25K And-One [20 Entry Max],172517937,$1,Jalen Brunson (37195333),D'Angelo Russell (37195522),Tristan da Silva (37195555) (LOCKED),Jonathan Isaac (37195695) (LOCKED),Walker Kessler (37195433),Ben Simmons (37195475),Alexandre Sarr (37195486) (LOCKED),Nikola Vucevic (37195331) (LOCKED),,C,Day'Ron Sharpe (37195666),Day'Ron Sharpe,37195666,C/UTIL,3700,BKN@TOR 01/01/2025 07:30PM ET,BKN,16.89
4591575420,NBA $25K And-One [20 Entry Max],172517937,$1,Dejounte Murray (37195336),D'Angelo Russell (37195522),Tristan da Silva (37195555) (LOCKED),Patrick Williams (37195580) (LOCKED),Walker Kessler (37195433),Ben Simmons (37195475),Noah Clowney (37195559),Jalen Brunson (37195333),,SG,Bojan Bogdanovic (37195682),Bojan Bogdanovic,37195682,SG/G/UTIL,3700,BKN@TOR 01/01/2025 07:30PM ET,BKN,0
4591575421,NBA $25K And-One [20 Entry Max],172517937,$1,Josh Giddey (37195369) (LOCKED),D'Angelo Russell (37195522),Mikal Bridges (37195428),Tristan da Silva (37195555) (LOCKED),Goga Bitadze (37195413) (LOCKED),CJ McCollum (37195376),Alexandre Sarr (37195486) (LOCKED),Daniel Gafford (37195502),,SF/PF,Ausar Thompson (37195668) (LOCKED),Ausar Thompson,37195668,SF/PF/F/UTIL,3700,ORL@DET 01/01/2025 07:00PM ET,DET,17.54
4591575422,NBA $25K And-One [20 Entry Max],172517937,$1,D'Angelo Russell (37195522),CJ McCollum (37195376),Tristan da Silva (37195555) (LOCKED),Ausar Thompson (37195668) (LOCKED),Alperen Sengun (37195317),Dejounte Murray (37195336),Jonathan Isaac (37195695) (LOCKED),Walker Kessler (37195433),,C,Dwight Powell (37195685),Dwight Powell,37195685,C/UTIL,3700,DAL@HOU 01/01/2025 08:00PM ET,DAL,6.65
4591575423,NBA $25K And-One [20 Entry Max],172517937,$1,Fred VanVleet (37195380),Zach LaVine (37195360) (LOCKED),Tristan da Silva (37195555) (LOCKED),Wendell Carter Jr. (37195514) (LOCKED),Goga Bitadze (37195413) (LOCKED),D'Angelo Russell (37195522),Alexandre Sarr (37195486) (LOCKED),Walker Kessler (37195433),,PF/C,Precious Achiuwa (37195674),Precious Achiuwa,37195674,PF/C/F/UTIL,3700,UTA@NYK 01/01/2025 07:30PM ET,NYK,18.06
4591575424,NBA $25K And-One [20 Entry Max],172517937,$1,Jalen Brunson (37195333),D'Angelo Russell (37195522),Ausar Thompson (37195668) (LOCKED),Tristan da Silva (37195555) (LOCKED),Goga Bitadze (37195413) (LOCKED),Jalen Green (37195435),Scottie Barnes (37195309),Day'Ron Sharpe (37195666),,SF/PF,Brice Sensabaugh (37195678),Brice Sensabaugh,37195678,SF/PF/F/UTIL,3700,UTA@NYK 01/01/2025 07:30PM ET,UTA,14.62
4591575425,NBA $25K And-One [20 Entry Max],172517937,$1,Ben Simmons (37195475),D'Angelo Russell (37195522),Tristan da Silva (37195555) (LOCKED),Nikola Jovic (37195605),Goga Bitadze (37195413) (LOCKED),Dejounte Murray (37195336),Patrick Williams (37195580) (LOCKED),Alperen Sengun (37195317),,SG/SF,Talen Horton-Tucker (37195690) (LOCKED),Talen Horton-Tucker,37195690,SG/SF/F/G/UTIL,3600,In Progress,CHI,12.79
4591575426,NBA $25K And-One [20 Entry Max],172517937,$1,CJ McCollum (37195376),D'Angelo Russell (37195522),OG Anunoby (37195449),Alexandre Sarr (37195486) (LOCKED),Walker Kessler (37195433),Zach LaVine (37195360) (LOCKED),Jonathan Isaac (37195695) (LOCKED),Goga Bitadze (37195413) (LOCKED),,PF,Chris Boucher (37195687),Chris Boucher,37195687,PF/F/UTIL,3600,BKN@TOR 01/01/2025 07:30PM ET,TOR,19.46
4591575427,NBA $25K And-One [20 Entry Max],172517937,$1,Fred VanVleet (37195380),D'Angelo Russell (37195522),Tristan da Silva (37195555) (LOCKED),OG Anunoby (37195449),Daniel Gafford (37195502),Coby White (37195406) (LOCKED),Jonathan Isaac (37195695) (LOCKED),Karl-Anthony Towns (37195304),,PF/C,Jonathan Isaac (37195695) (LOCKED),Jonathan Isaac,37195695,PF/C/F/UTIL,3600,ORL@DET 01/01/2025 07:00PM ET,ORL,16.44
4591575428,NBA $25K And-One [20 Entry Max],172517937,$1,Tyler Herro (37195348),D'Angelo Russell (37195522),Tristan da Silva (37195555) (LOCKED),Jonathan Isaac (37195695) (LOCKED),Nic Claxton (37195462),Jordan Poole (37195352) (LOCKED),Alexandre Sarr (37195486) (LOCKED),Fred VanVleet (37195380),,SG/SF,Tim Hardaway Jr. (37195699) (LOCKED),Tim Hardaway Jr.,37195699,SG/SF/F/G/UTIL,3600,ORL@DET 01/01/2025 07:00PM ET,DET,16.16
4591575429,NBA $25K And-One [20 Entry Max],172517937,$1,D'Angelo Russell (37195522),Jalen Green (37195435),Tristan da Silva (37195555) (LOCKED),Patrick Williams (37195580) (LOCKED),Bam Adebayo (37195339),Cade Cunningham (37195301) (LOCKED),Alexandre Sarr (37195486) (LOCKED),Jalen Smith (37195672) (LOCKED),,PG,Jamal Shead (37195707),Jamal Shead,37195707,PG/G/UTIL,3500,BKN@TOR 01/01/2025 07:30PM ET,TOR,12.56
4591575430,NBA $25K And-One [20 Entry Max],172517937,$1,Dejounte Murray (37195336),D'Angelo Russell (37195522),Tristan da Silva (37195555) (LOCKED),Jonathan Isaac (37195695) (LOCKED),Daniel Gafford (37195502),Jalen Brunson (37195333),Josh Hart (37195385),Yves Missi (37195457),,C,Isaiah Stewart (37195710) (LOCKED),Isaiah Stewart,37195710,C/UTIL,3500,ORL@DET 01/01/2025 07:00PM ET,DET,18.99
4591575431,NBA $25K And-One [20 Entry Max],172517937,$1,Lonzo Ball (37195661) (LOCKED),D'Angelo Russell (37195522),Zach LaVine (37195360) (LOCKED),Noah Clowney (37195559),Karl-Anthony Towns (37195304),Jalen Green (37195435),Alexandre Sarr (37195486) (LOCKED),Daniel Gafford (37195502),,PG/SF,Brandon Boston Jr. (37195712),Brandon Boston Jr.,37195712,PG/SF/F/G/UTIL,3500,NOP@MIA 01/01/2025 07:30PM ET,NOP,23.03
4591575432,NBA $25K And-One [20 Entry Max],172517937,$1,D'Angelo Russell (37195522),Kyrie Irving (37195319),Tristan da Silva (37195555) (LOCKED),Wendell Carter Jr. (37195514) (LOCKED),Alexandre Sarr (37195486) (LOCKED),Fred VanVleet (37195380),Jonathan Isaac (37195695) (LOCKED),Tyler Herro (37195348),,PG,Isaiah Collier (37195704),Isaiah Collier,37195704,PG/G/UTIL,3500,UTA@NYK 01/01/2025 07:30PM ET,UTA,11.89
4591575433,NBA $25K And-One [20 Entry Max],172517937,$1,Fred VanVleet (37195380),D'Angelo Russell (37195522),Tristan da Silva (37195555) (LOCKED),Ausar Thompson (37195668) (LOCKED),Walker Kessler (37195433),Jalen Brunson (37195333),Josh Hart (37195385),Yves Missi (37195457),,C,Marvin Bagley III (37195728) (LOCKED),Marvin Bagley III,37195728,C/UTIL,3400,In Progress,WAS,10.16
4591575434,NBA $25K And-One [20 Entry Max],172517937,$1,D'Angelo Russell (37195522),Kyrie Irving (37195319),Justin Champagnie (37195518) (LOCKED),Jonathan Isaac (37195695) (LOCKED),Walker Kessler (37195433),Jalen Brunson (37195333),Patrick Williams (37195580) (LOCKED),Jalen Green (37195435),,SF,Dalen Terry (37195733) (LOCKED),Dalen Terry,37195733,SF/F/UTIL,3400,In Progress,CHI,8.97
4591575435,NBA $25K And-One [20 Entry Max],172517937,$1,Josh Giddey (37195369) (LOCKED),D'Angelo Russell (37195522),Mikal Bridges (37195428),Tristan da Silva (37195555) (LOCKED),Alperen Sengun (37195317),Ben Simmons (37195475),Jonathan Isaac (37195695) (LOCKED),Walker Kessler (37195433),,C,Paul Reed (37195726) (LOCKED),Paul Reed,37195726,C/UTIL,3400,ORL@DET 01/01/2025 07:00PM ET,DET,13.96
4591575436,NBA $25K And-One [20 Entry Max],172517937,$1,D'Angelo Russell (37195522),Coby White (37195406) (LOCKED),Cameron Johnson (37195372),Patrick Williams (37195580) (LOCKED),Alperen Sengun (37195317),Lonzo Ball (37195661) (LOCKED),Alexandre Sarr (37195486) (LOCKED),Walker Kessler (37195433),,SF,Gary Harris (37195730) (LOCKED),Gary Harris,37195730,SF/F/UTIL,3400,ORL@DET 01/01/2025 07:00PM ET,ORL,8.22
,,,,,,,,,,,,,PG/SG,Alec Burks (37195722),Alec Burks,37195722,PG/SG/G/UTIL,3400,NOP@MIA 01/01/2025 07:30PM ET,MIA,13.36
,,,,,,,,,,,,,SG/SF,Svi Mykhailiuk (37195717),Svi Mykhailiuk,37195717,SG/SF/F/G/UTIL,3400,UTA@NYK 01/01/2025 07:30PM ET,UTA,15.17
,,,,,,,,,,,,,SF/PF,Matas Buzelis (37195744) (LOCKED),Matas Buzelis,37195744,SF/PF/F/UTIL,3300,In Progress,CHI,11.40
,,,,,,,,,,,,,PG/SG,Davion Mitchell (37195738),Davion Mitchell,37195738,PG/SG/G/UTIL,3300,BKN@TOR 01/01/2025 07:30PM ET,TOR,18.29
,,,,,,,,,,,,,C,Daniel Theis (37195736),Daniel Theis,37195736,C/UTIL,3300,NOP@MIA 01/01/2025 07:30PM ET,NOP,12.51
,,,,,,,,,,,,,C,Kyle Filipowski (37195742),Kyle Filipowski,37195742,C/UTIL,3300,UTA@NYK 01/01/2025 07:30PM ET,UTA,15.14
,,,,,,,,,,,,,PG/SG,Jevon Carter (37195761) (LOCKED),Jevon Carter,37195761,PG/SG/G/UTIL,3200,In Progress,CHI,6.87
,,,,,,,,,,,,,SF/PF,Olivier-Maxence Prosper (37195753),Olivier-Maxence Prosper,37195753,SF/PF/F/UTIL,3200,DAL@HOU 01/01/2025 08:00PM ET,DAL,5.73
,,,,,,,,,,,,,SF/PF,Jae'Sean Tate (37195757),Jae'Sean Tate,37195757,SF/PF/F/UTIL,3200,DAL@HOU 01/01/2025 08:00PM ET,HOU,8.25
,,,,,,,,,,,,,PG/SG,Brandon Williams (37195765),Brandon Williams,37195765,PG/SG/G/UTIL,3200,DAL@HOU 01/01/2025 08:00PM ET,DAL,4.71
,,,,,,,,,,,,,SG/SF,Johnny Juzang (37195748),Johnny Juzang,37195748,SG/SF/F/G/UTIL,3200,UTA@NYK 01/01/2025 07:30PM ET,UTA,13.03
,,,,,,,,,,,,,PF,Torrey Craig (37195769) (LOCKED),Torrey Craig,37195769,PF/F/UTIL,3100,In Progress,CHI,12.69
,,,,,,,,,,,,,SF,Jamison Battle (37195772),Jamison Battle,37195772,SF/F/UTIL,3100,BKN@TOR 01/01/2025 07:30PM ET,TOR,11.22
,,,,,,,,,,,,,C,Kevin Love (37195775),Kevin Love,37195775,C/UTIL,3100,NOP@MIA 01/01/2025 07:30PM ET,MIA,15.38
,,,,,,,,,,,,,PF/C,Jeremiah Robinson-Earl (37195781),Jeremiah Robinson-Earl,37195781,PF/C/F/UTIL,3100,NOP@MIA 01/01/2025 07:30PM ET,NOP,16.41
,,,,,,,,,,,,,SF/PF,Cody Williams (37195777),Cody Williams,37195777,SF/PF/F/UTIL,3100,UTA@NYK 01/01/2025 07:30PM ET,UTA,9.40
,,,,,,,,,,,,,PG,Jared Butler (37195879) (LOCKED),Jared Butler,37195879,PG/G/UTIL,3000,In Progress,WAS,11.05
,,,,,,,,,,,,,SG/SF,Johnny Davis (37195882) (LOCKED),Johnny Davis,37195882,SG/SF/F/G/UTIL,3000,In Progress,WAS,7.5
,,,,,,,,,,,,,PF,Patrick Baldwin Jr. (37195887) (LOCKED),Patrick Baldwin Jr.,37195887,PF/F/UTIL,3000,In Progress,WAS,3.79
,,,,,,,,,,,,,C,Richaun Holmes (37195890) (LOCKED),Richaun Holmes,37195890,C/UTIL,3000,In Progress,WAS,5.94
,,,,,,,,,,,,,C,Tristan Vukcevic (37195892) (LOCKED),Tristan Vukcevic,37195892,C/UTIL,3000,In Progress,WAS,1
,,,,,,,,,,,,,C,Anthony Gill (37195894) (LOCKED),Anthony Gill,37195894,C/UTIL,3000,In Progress,WAS,5.21
,,,,,,,,,,,,,PF,Emanuel Miller (37195979) (LOCKED),Emanuel Miller,37195979,PF/F/UTIL,3000,In Progress,CHI,0
,,,,,,,,,,,,,SG/SF,Chris Duarte (37195982) (LOCKED),Chris Duarte,37195982,SG/SF/F/G/UTIL,3000,In Progress,CHI,4.65
,,,,,,,,,,,,,PF,Julian Phillips (37195987) (LOCKED),Julian Phillips,37195987,PF/F/UTIL,3000,In Progress,CHI,9.69
,,,,,,,,,,,,,C,Adama Sanogo (37195990) (LOCKED),Adama Sanogo,37195990,C/UTIL,3000,In Progress,CHI,4.12
,,,,,,,,,,,,,C,E.J. Liddell (37195992) (LOCKED),E.J. Liddell,37195992,C/UTIL,3000,In Progress,CHI,5.04
,,,,,,,,,,,,,SG,Garrett Temple (37195829),Garrett Temple,37195829,SG/G/UTIL,3000,BKN@TOR 01/01/2025 07:30PM ET,TOR,3.20
,,,,,,,,,,,,,C,Ulrich Chomche (37195832),Ulrich Chomche,37195832,C/UTIL,3000,BKN@TOR 01/01/2025 07:30PM ET,TOR,2.38
,,,,,,,,,,,,,PG,AJ Lawson (37195834),AJ Lawson,37195834,PG/G/UTIL,3000,BKN@TOR 01/01/2025 07:30PM ET,TOR,4.58
,,,,,,,,,,,,,SG,Dariq Whitehead (37195931),Dariq Whitehead,37195931,SG/G/UTIL,3000,BKN@TOR 01/01/2025 07:30PM ET,BKN,8.19
,,,,,,,,,,,,,PG,Reece Beekman (37195934),Reece Beekman,37195934,PG/G/UTIL,3000,BKN@TOR 01/01/2025 07:30PM ET,BKN,1.21
,,,,,,,,,,,,,SF,Jaylen Martin (37195937),Jaylen Martin,37195937,SF/F/UTIL,3000,BKN@TOR 01/01/2025 07:30PM ET,BKN,1.17
,,,,,,,,,,,,,SF/PF,Maxwell Lewis (37195940),Maxwell Lewis,37195940,SF/PF/F/UTIL,3000,BKN@TOR 01/01/2025 07:30PM ET,BKN,1.5
,,,,,,,,,,,,,PG,De'Anthony Melton (37195944),De'Anthony Melton,37195944,PG/G/UTIL,3000,BKN@TOR 01/01/2025 07:30PM ET,BKN,22.25
,,,,,,,,,,,,,PG/SG,Wendell Moore Jr. (37195789) (LOCKED),Wendell Moore Jr.,37195789,PG/SG/G/UTIL,3000,ORL@DET 01/01/2025 07:00PM ET,DET,12.08
,,,,,,,,,,,,,C,Cole Swider (37195896) (LOCKED),Cole Swider,37195896,C/UTIL,3000,ORL@DET 01/01/2025 07:00PM ET,DET,2
,,,,,,,,,,,,,PG/SG,Alondes Williams (37195898) (LOCKED),Alondes Williams,37195898,PG/SG/G/UTIL,3000,ORL@DET 01/01/2025 07:00PM ET,DET,7
,,,,,,,,,,,,,PG,Daniss Jenkins (37195902) (LOCKED),Daniss Jenkins,37195902,PG/G/UTIL,3000,ORL@DET 01/01/2025 07:00PM ET,DET,0
,,,,,,,,,,,,,PG,Marcus Sasser (37195905) (LOCKED),Marcus Sasser,37195905,PG/G/UTIL,3000,ORL@DET 01/01/2025 07:00PM ET,DET,12.17
,,,,,,,,,,,,,PF,Simone Fontecchio (37195908) (LOCKED),Simone Fontecchio,37195908,PF/F/UTIL,3000,ORL@DET 01/01/2025 07:00PM ET,DET,12.49
,,,,,,,,,,,,,PF,Bobi Klintman (37195911) (LOCKED),Bobi Klintman,37195911,PF/F/UTIL,3000,ORL@DET 01/01/2025 07:00PM ET,DET,0
,,,,,,,,,,,,,SF/PF,Ronald Holland II (37195914) (LOCKED),Ronald Holland II,37195914,SF/PF/F/UTIL,3000,ORL@DET 01/01/2025 07:00PM ET,DET,12.09
,,,,,,,,,,,,,SF/PF,Jett Howard (37195994) (LOCKED),Jett Howard,37195994,SF/PF/F/UTIL,3000,ORL@DET 01/01/2025 07:00PM ET,ORL,6.82
,,,,,,,,,,,,,SF/PF,Caleb Houstan (37195998) (LOCKED),Caleb Houstan,37195998,SF/PF/F/UTIL,3000,ORL@DET 01/01/2025 07:00PM ET,ORL,3.01
,,,,,,,,,,,,,PG,Cory Joseph (37196002) (LOCKED),Cory Joseph,37196002,PG/G/UTIL,3000,ORL@DET 01/01/2025 07:00PM ET,ORL,4.78
,,,,,,,,,,,,,PG,Mac McClung (37196005) (LOCKED),Mac McClung,37196005,PG/G/UTIL,3000,ORL@DET 01/01/2025 07:00PM ET,ORL,4.25
,,,,,,,,,,,,,C,Moritz Wagner (37196008) (LOCKED),Moritz Wagner,37196008,C/UTIL,3000,ORL@DET 01/01/2025 07:00PM ET,ORL,23.22
,,,,,,,,,,,,,C,Kel'el Ware (37195785),Kel'el Ware,37195785,C/UTIL,3000,NOP@MIA 01/01/2025 07:30PM ET,MIA,9.03
,,,,,,,,,,,,,PG,Isaiah Stevens (37195837),Isaiah Stevens,37195837,PG/G/UTIL,3000,NOP@MIA 01/01/2025 07:30PM ET,MIA,0
,,,,,,,,,,,,,SF/PF,Keshad Johnson (37195840),Keshad Johnson,37195840,SF/PF/F/UTIL,3000,NOP@MIA 01/01/2025 07:30PM ET,MIA,1.92
,,,,,,,,,,,,,PG,Josh Christopher (37195844),Josh Christopher,37195844,PG/G/UTIL,3000,NOP@MIA 01/01/2025 07:30PM ET,MIA,-0.5
,,,,,,,,,,,,,SF,Pelle Larsson (37195847),Pelle Larsson,37195847,SF/F/UTIL,3000,NOP@MIA 01/01/2025 07:30PM ET,MIA,10.90
,,,,,,,,,,,,,PG,Dru Smith (37195850),Dru Smith,37195850,PG/G/UTIL,3000,NOP@MIA 01/01/2025 07:30PM ET,MIA,15.79
,,,,,,,,,,,,,PG,Josh Richardson (37195853),Josh Richardson,37195853,PG/G/UTIL,3000,NOP@MIA 01/01/2025 07:30PM ET,MIA,10.25
,,,,,,,,,,,,,C,Trey Jemison (37195947),Trey Jemison,37195947,C/UTIL,3000,NOP@MIA 01/01/2025 07:30PM ET,NOP,8.06
,,,,,,,,,,,,,SG/SF,Antonio Reeves (37195949),Antonio Reeves,37195949,SG/SF/F/G/UTIL,3000,NOP@MIA 01/01/2025 07:30PM ET,NOP,7.53
,,,,,,,,,,,,,SF,Jamal Cain (37195954),Jamal Cain,37195954,SF/F/UTIL,3000,NOP@MIA 01/01/2025 07:30PM ET,NOP,10.70
,,,,,,,,,,,,,SF/PF,Javonte Green (37195957),Javonte Green,37195957,SF/PF/F/UTIL,3000,NOP@MIA 01/01/2025 07:30PM ET,NOP,14.29
,,,,,,,,,,,,,PF/C,Karlo Matkovic (37195961),Karlo Matkovic,37195961,PF/C/F/UTIL,3000,NOP@MIA 01/01/2025 07:30PM ET,NOP,5.3
,,,,,,,,,,,,,C,Steven Adams (37195787),Steven Adams,37195787,C/UTIL,3000,DAL@HOU 01/01/2025 08:00PM ET,HOU,9.59
,,,,,,,,,,,,,PG,Aaron Holiday (37195856),Aaron Holiday,37195856,PG/G/UTIL,3000,DAL@HOU 01/01/2025 08:00PM ET,HOU,7.69
,,,,,,,,,,,,,PG/SF,Nate Williams (37195859),Nate Williams,37195859,PG/SF/F/G/UTIL,3000,DAL@HOU 01/01/2025 08:00PM ET,HOU,4.42
,,,,,,,,,,,,,PG/SG,Reed Sheppard (37195864),Reed Sheppard,37195864,PG/SG/G/UTIL,3000,DAL@HOU 01/01/2025 08:00PM ET,HOU,8.66
,,,,,,,,,,,,,SG,Jack McVeigh (37195868),Jack McVeigh,37195868,SG/G/UTIL,3000,DAL@HOU 01/01/2025 08:00PM ET,HOU,2.83
,,,,,,,,,,,,,PF/C,Jeff Green (37195871),Jeff Green,37195871,PF/C/F/UTIL,3000,DAL@HOU 01/01/2025 08:00PM ET,HOU,4.25
,,,,,,,,,,,,,C,Jock Landale (37195875),Jock Landale,37195875,C/UTIL,3000,DAL@HOU 01/01/2025 08:00PM ET,HOU,8.47
,,,,,,,,,,,,,C,N'Faly Dante (37195877),N'Faly Dante,37195877,C/UTIL,3000,DAL@HOU 01/01/2025 08:00PM ET,HOU,0
,,,,,,,,,,,,,PF/C,Markieff Morris (37195965),Markieff Morris,37195965,PF/C/F/UTIL,3000,DAL@HOU 01/01/2025 08:00PM ET,DAL,3.94
,,,,,,,,,,,,,PG,Jazian Gortman (37195969),Jazian Gortman,37195969,PG/G/UTIL,3000,DAL@HOU 01/01/2025 08:00PM ET,DAL,3.06
,,,,,,,,,,,,,SF/PF,Kessler Edwards (37195972),Kessler Edwards,37195972,SF/PF/F/UTIL,3000,DAL@HOU 01/01/2025 08:00PM ET,DAL,0.46
,,,,,,,,,,,,,SF,Dante Exum (37195976),Dante Exum,37195976,SF/F/UTIL,3000,DAL@HOU 01/01/2025 08:00PM ET,DAL,0
,,,,,,,,,,,,,C,Drew Eubanks (37195793),Drew Eubanks,37195793,C/UTIL,3000,UTA@NYK 01/01/2025 07:30PM ET,UTA,12.54
,,,,,,,,,,,,,PF/C,Micah Potter (37195795),Micah Potter,37195795,PF/C/F/UTIL,3000,UTA@NYK 01/01/2025 07:30PM ET,UTA,13.94
,,,,,,,,,,,,,SG,Landry Shamet (37195799),Landry Shamet,37195799,SG/G/UTIL,3000,UTA@NYK 01/01/2025 07:30PM ET,NYK,7
,,,,,,,,,,,,,SG/SF,Matt Ryan (37195802),Matt Ryan,37195802,SG/SF/F/G/UTIL,3000,UTA@NYK 01/01/2025 07:30PM ET,NYK,1.95
,,,,,,,,,,,,,C,Jericho Sims (37195807),Jericho Sims,37195807,C/UTIL,3000,UTA@NYK 01/01/2025 07:30PM ET,NYK,7.89
,,,,,,,,,,,,,SG/SF,Pacome Dadiet (37195809),Pacome Dadiet,37195809,SG/SF/F/G/UTIL,3000,UTA@NYK 01/01/2025 07:30PM ET,NYK,4.23
,,,,,,,,,,,,,PF,Jacob Toppin (37195814),Jacob Toppin,37195814,PF/F/UTIL,3000,UTA@NYK 01/01/2025 07:30PM ET,NYK,1.39
,,,,,,,,,,,,,PG,Tyler Kolek (37195817),Tyler Kolek,37195817,PG/G/UTIL,3000,UTA@NYK 01/01/2025 07:30PM ET,NYK,4.90
,,,,,,,,,,,,,PG/SG,Cameron Payne (37195820),Cameron Payne,37195820,PG/SG/G/UTIL,3000,UTA@NYK 01/01/2025 07:30PM ET,NYK,15.09
,,,,,,,,,,,,,C,Ariel Hukporti (37195824),Ariel Hukporti,37195824,C/UTIL,3000,UTA@NYK 01/01/2025 07:30PM ET,NYK,5.79
,,,,,,,,,,,,,SF,Kevin McCullar Jr. (37195826),Kevin McCullar Jr.,37195826,SF/F/UTIL,3000,UTA@NYK 01/01/2025 07:30PM ET,NYK,0
,,,,,,,,,,,,,PG,Patty Mills (37195918),Patty Mills,37195918,PG/G/UTIL,3000,UTA@NYK 01/01/2025 07:30PM ET,UTA,8.56
,,,,,,,,,,,,,SG/SF,David Jones Garcia (37195921),David Jones Garcia,37195921,SG/SF/F/G/UTIL,3000,UTA@NYK 01/01/2025 07:30PM ET,UTA,0
,,,,,,,,,,,,,C,Oscar Tshiebwe (37195926),Oscar Tshiebwe,37195926,C/UTIL,3000,UTA@NYK 01/01/2025 07:30PM ET,UTA,17.75
,,,,,,,,,,,,,PF,Taylor Hendricks (37195928),Taylor Hendricks,37195928,PF/F/UTIL,3000,UTA@NYK 01/01/2025 07:30PM ET,UTA,18.08
